10049	IGNORE	(Non-Storable Content - informational)
10015	IGNORE	(Re-examine Cache-control Directives - public pages are intentionally cacheable)
10109	IGNORE	(Modern Web Application - informational)
10027	IGNORE	(Information Disclosure - Suspicious Comments in third-party Bootstrap bundle)
10111	IGNORE	(Authentication Request Identified - informational)
10112	IGNORE	(Session Management Response Identified - informational)
10017	IGNORE	(Cross-Domain JavaScript Source - pinned CDN versions loaded with Subresource Integrity)
10031	IGNORE	(User Controllable HTML Attribute - ?next and ?q are auto-escaped and next is same-host validated)
10055	IGNORE	(CSP: style-src unsafe-inline is required by Bootstrap components - accepted, see SECURITY.md)
10063	IGNORE	(Permissions-Policy on static JS/CSS files - the header is set on every HTML document)
90003	IGNORE	(SRI missing - only Google Fonts CSS, which is generated per browser and cannot carry SRI)
90004	IGNORE	(COEP require-corp would block cross-origin images and Paystack checkout; COOP and CORP are set)
10035	IGNORE	(Strict-Transport-Security is set by nginx/ALB in production; the CI scan runs over plain HTTP)
